,loss,accuracy,val_loss,val_accuracy
0,0.8005894422531128,0.5056910514831543,2.2597758769989014,0.45098039507865906
