,loss,accuracy,val_loss,val_accuracy
0,0.6972653269767761,0.6158940196037292,0.6940038800239563,1.0
