,loss,accuracy,val_loss,val_accuracy
0,1.9000052213668823,0.05298013240098953,20.164737701416016,0.0
1,2.2602624893188477,0.20529800653457642,54.20426940917969,0.0
