,loss,accuracy,val_loss,val_accuracy
0,0.6428021192550659,0.6666666865348816,91.36347198486328,0.0
1,0.6899707317352295,0.6666666865348816,35.39810562133789,0.0
