,loss,accuracy,val_loss,val_accuracy
0,0.5682457089424133,0.6666666865348816,0.7054795622825623,0.0
1,0.6091951131820679,0.6666666865348816,0.6974673271179199,0.0
