,loss,accuracy,val_loss,val_accuracy
0,0.8712806105613708,0.5,0.6425354480743408,0.0
1,0.8210588097572327,0.5,0.6643469333648682,0.0
