,loss,accuracy,val_loss,val_accuracy
0,0.7647106647491455,0.3333333432674408,0.7218353748321533,1.0
1,0.7141262888908386,0.5,0.7090991139411926,1.0
