,loss,accuracy,val_loss,val_accuracy
0,0.653281569480896,0.6666666865348816,0.6892157793045044,1.0
1,0.6893693804740906,0.6666666865348816,0.6954934597015381,1.0
