,loss,accuracy,val_loss,val_accuracy
0,0.7687429785728455,0.5,0.7049598693847656,1.0
1,0.7862934470176697,0.5,0.7007484436035156,1.0
