,loss,accuracy,val_loss,val_accuracy
0,0.9496493339538574,0.4000000059604645,0.6772910952568054,1.0
1,0.8916629552841187,0.4000000059604645,0.680500864982605,1.0
