,loss,accuracy,val_loss,val_accuracy
0,0.6540035009384155,0.800000011920929,0.6873091459274292,1.0
1,0.5794593095779419,1.0,0.691440999507904,1.0
