,loss,accuracy,val_loss,val_accuracy
0,0.6701352000236511,0.6666666865348816,0.7016178369522095,1.0
1,0.6166901588439941,0.6666666865348816,0.6999037265777588,1.0
