,loss,accuracy,val_loss,val_accuracy
0,0.6911547183990479,0.6666666865348816,0.680787205696106,1.0
1,0.6624731421470642,0.6666666865348816,0.6860097646713257,1.0
