,loss,accuracy,val_loss,val_accuracy
0,0.6560459136962891,0.6000000238418579,0.6970615983009338,0.5
1,0.6543018817901611,0.6000000238418579,0.6971763968467712,0.5
