,loss,accuracy,val_loss,val_accuracy
0,0.7571226954460144,0.5,0.7303180694580078,1.0
1,0.7253153920173645,0.5,0.7152146697044373,1.0
