,loss,accuracy,val_loss,val_accuracy
0,0.7514302134513855,0.20000000298023224,0.716899037361145,0.0
1,0.6254671812057495,0.800000011920929,0.7155053615570068,0.0
