,loss,accuracy,val_loss,val_accuracy
0,0.6065182685852051,0.6000000238418579,0.7138824462890625,0.5
1,0.6432905197143555,0.6000000238418579,0.7000681161880493,0.5
