,loss,accuracy,val_loss,val_accuracy
0,0.6508790850639343,0.6000000238418579,0.7116119265556335,0.0
1,0.6130093932151794,0.6000000238418579,0.7042140364646912,0.0
