,loss,accuracy,val_loss,val_accuracy
0,0.842117965221405,0.3333333432674408,0.6688748598098755,0.0
1,0.8626809120178223,0.3333333432674408,0.6795573830604553,0.0
