,loss,accuracy,val_loss,val_accuracy
0,0.7709415555000305,0.5138211250305176,3.4011390209198,0.45098039507865906
